https://www.reutersagency.com/feed/?taxonomy=best-sectors&amp;post_type=best
https://www.alexedwards.net/static/feed.rss
http://feeds.feedburner.com/arstechnica/technology-lab
https://calpaterson.com/calpaterson.rss
https://cprss.s3.amazonaws.com/golangweekly.com.xml
https://www.blog.google/products/google-cloud/rss/
https://www.joelonsoftware.com/feed/
https://jvns.ca/atom.xml
https://sethmlarson.dev/feed
https://m.signalvnoise.com/feed/
https://www.netmeister.org/blog/rss.xml
https://github.blog/feed/
https://trugman-internals.com/feed/
https://zerodha.tech/index.xml